Hulk (2003),PG-13,2h 18min,Genres: Action | Sci-Fi,20 June 2003 (USA),1444,267,886 ( 189)
The Death of the Incredible Hulk (1990),NOT RATED,1h 35min,Genres: Action | Adventure | Drama | Sci-Fi,TV Movie 18 February 1990,26,9,-NA-
Hulk ,TV-G,-NA-,Genres: Animation | Action | Sci-Fi,TV Series (1966– ),13,1,-NA-
The Incredible Hulk (2008),PG-13,1h 52min,Genres: Action | Adventure | Sci-Fi,13 June 2008 (USA),641,354,956 ( 376)
The Incredible Hulk ,TV-PG,1h,Genres: Action | Adventure | Drama | Sci-Fi,TV Series (1978–1982),49,36,726 ( 69)
Planet Hulk (2010),PG-13,1h 21min,Genres: Animation | Action | Adventure | Drama | Sci-Fi,Video 2 February 2010,26,35,-NA-
Hulk (2003),-NA-,-NA-,Genres: Action | Fantasy,Video Game,9,1,-NA-
Hulk Vs. (2009),PG-13,1h 18min,Genres: Animation | Action | Adventure | Fantasy | Sci-Fi,Video 27 January 2009,35,28,-NA-
The Incredible Hulk ,TV-Y7,20min,Genres: Animation | Action | Adventure | Fantasy | Sci-Fi,TV Series (1996–1998),10,3,-NA-
Hulk and the Agents of S.M.A.S.H. ,-NA-,23min,Genres: Animation | Action | Adventure | Comedy | Sci-Fi,TV Series (2013– ),16,3,3,012 ( 92)Hulk (2003),PG-13,2h 18min,Genres: Action | Sci-Fi,20 June 2003 (USA),1444,267,886 ( 189)
The Death of the Incredible Hulk (1990),NOT RATED,1h 35min,Genres: Action | Adventure | Drama | Sci-Fi,TV Movie 18 February 1990,26,9,-NA-
Hulk ,TV-G,-NA-,Genres: Animation | Action | Sci-Fi,TV Series (1966– ),13,1,-NA-
The Incredible Hulk (2008),PG-13,1h 52min,Genres: Action | Adventure | Sci-Fi,13 June 2008 (USA),641,354,956 ( 376)
The Incredible Hulk ,TV-PG,1h,Genres: Action | Adventure | Drama | Sci-Fi,TV Series (1978–1982),49,36,726 ( 69)
Planet Hulk (2010),PG-13,1h 21min,Genres: Animation | Action | Adventure | Drama | Sci-Fi,Video 2 February 2010,26,35,-NA-
Hulk (2003),-NA-,-NA-,Genres: Action | Fantasy,Video Game,9,1,-NA-
Hulk Vs. (2009),PG-13,1h 18min,Genres: Animation | Action | Adventure | Fantasy | Sci-Fi,Video 27 January 2009,35,28,-NA-
The Incredible Hulk ,TV-Y7,20min,Genres: Animation | Action | Adventure | Fantasy | Sci-Fi,TV Series (1996–1998),10,3,-NA-
Hulk and the Agents of S.M.A.S.H. ,-NA-,23min,Genres: Animation | Action | Adventure | Comedy | Sci-Fi,TV Series (2013– ),16,3,3012 ( 92)
